signature	security_definer	md5_pg_get_functiondef
public._merge_memberships_jsonb(jsonb[])	false	f8dcc73bfd9e49c64221c650ec7fc9dc
public.accept_program_quote_v2(uuid,uuid,text,integer,text)	true	c2b3bd08a12ffc991ac5acd95ee4cbf5
public.accept_program_quote(uuid,uuid)	true	eaa0b4ef335459b2cc9ad06ee75dfe13
public.ai_tool_period_key(timestamp with time zone)	false	a3432a324bda79ea6c74c3f62f2123b4
public.assert_chart_community_publishable(uuid)	true	dc16af42bbcd231f503c9739850f6c9d
public.bind_ba_session_to_chart(uuid,uuid,uuid)	true	b061e85b563d3baac19aae83afedb7d5
public.boost_feed_segment(text,uuid)	true	6c246ce8be1c27508ddd9055d3955de6
public.bump_community_post_comment_count()	true	37e619715c12d04af04eddd0f036617e
public.bump_shop_community_activity()	true	88e44135c983b28592f4529b8f3e1980
public.can_view_community_post_full(text,uuid,uuid,uuid)	true	c1c699f93d15b60d080c5bcf13dd039a
public.can_view_community_post_full(text,uuid,uuid)	true	7c221e1e5d6321a01fa62aed38e966dd
public.can_view_whisper_post(uuid)	true	2c2239b61ff3b56592be7f799ed26fd1
public.complete_ai_tool_job(uuid,jsonb,text,text)	true	c087ac102e7aaac62359fbad92a09181
public.complete_market_escrow(uuid)	true	1827f45b53d8753829e600cc5ce4314c
public.complete_settlement_withdraw(uuid)	true	e7b61048acb8d8497304fe6068787166
public.compute_platform_fee_pct(text)	false	eb7ddfb097b8e11431aa2aa9c595726f
public.compute_shop_tier_badge(integer)	false	ac4d649c76e63ba1d895fc064dc3e142
public.convert_review_request_events(uuid,uuid,uuid)	true	77e25bb6d25662fd6e8bf61f79b1edbe
public.count_unread_whispers()	true	cdb06673a20c530316a3ccb5667be1ea
public.create_market_listing_inquiry(uuid,text)	true	8363d1d79dfb6063c2b3b0ab36fcae07
public.create_mentoring_request(uuid,text)	true	5d30769e62e4559d5d5131bc53e1d003
public.credit_free_echo_capped(uuid,integer,text,text,uuid,text)	true	c907b594172e1a80bdaab01a27839d6c
public.credit_free_echo_customer(uuid,integer,text,text,uuid,text)	true	2edf36713ef0f2cd6d47af27646365a7
public.credit_points(uuid,integer,text,text,text,uuid,uuid,text)	true	f0b6c9b6c70476a0f42f1f150e528cb8
public.credit_settlement(uuid,integer,text,text,uuid,text)	true	36bf70a39d59d78b51ee4dd3aece267c
public.debit_echo_wallet(uuid,integer,text,text,uuid,text,uuid)	true	a5796173ac992f13cc87c5637b031724
public.debit_points(uuid,integer,text,text,uuid,uuid,text)	true	0ab8f9c237f19cb3f8bd947c1e6eac33
public.delete_shop_customers(uuid[])	true	2ff5aa2566325e55dfb21ca52b9d838d
public.earn_echo_on_customer_qa_post()	true	7f8f7b02ea24574dea59eb72aeaec930
public.earn_echo_on_customer_review()	true	7eaf7a92821f087203cc9dac6d4b28d1
public.earn_echo_on_visit_checked()	true	1251c4b71c2dd809cca8acf03302c6ad
public.earn_points_on_community_content()	true	66c202d64939ed3b590141e5bae65f1f
public.echo_period_key(text,timestamp with time zone)	false	38ecb9db58bca8df0cfdfdfa1fe006ac
public.enforce_shop_gallery_limit()	false	d573fb28055edea9aec16c6b10671817
public.enroll_seminar_class(uuid,uuid)	true	81d1453aadf45306b2128653fc8a75f8
public.ensure_customer_wallet(uuid)	true	a36387f7d5b9a2fb1ce22680b646ae38
public.ensure_shop_wallet(uuid)	true	f6a58ce62084b6efd9041d93720cadb2
public.expire_mentoring_enhancement_grace()	true	9c9ce22836ec143dc0fc7640b3295190
public.expire_stale_boost_placements()	true	d07968b3eedb2558fc6ceaebface52e3
public.expire_stale_premium_overlays()	true	189070121ba7ac872f35e531dee2e207
public.fan_boost_apply_fill(uuid,jsonb,uuid)	true	a914e33f7d3c90e5efc6b3edafc9b1cf
public.fan_boost_build_fill_copy(customer_charts,customers)	false	eb65c3c1d5c4bc648a20af5eaa267bd3
public.feed_seed_rank(text,text)	false	126ce995dd0aa27567571383d9d287a7
public.feed_viewer_seed(text,text,timestamp with time zone)	false	fb103a68f12de1ced42d5b9c4ff28b72
public.get_ai_tool_quota(uuid)	true	9294bbd3ce9be5fd428df63d3d9fc987
public.get_case_timeline_group(uuid)	false	d6f902b53fac1cb052125f28364d2207
public.get_chart_bookmark_counts(uuid[])	true	053ebe139177efaba069e023d36ed068
public.get_community_feed(text,integer,integer,text)	true	4e1c58bb2e6d3c2b2c7c95ac32be825a
public.get_customer_wallet(uuid)	true	922396d3a7e0721bf09edcf7f194c8c7
public.get_home_feed(integer,integer,text)	true	a84a910d422d77e8583629d6ffde833f
public.get_interleaved_feed_ids(text,uuid[],integer,integer,text,integer)	true	34cf0d077e93500f34f1036030e3cc72
public.get_mentoring_for_chart(uuid)	true	71ec920071e5d31c4e60f06d7f146259
public.get_seminar_detail(uuid)	true	44cf924aa1ad4a3315ed71871a183a84
public.get_shop_assets(uuid)	true	9c24e4a9a51b7437ecd25d804c0e269d
public.get_shop_promo_credits(uuid)	true	02e31dbf0022b1cc578acf8339c52c7a
public.get_shop_sponsorship_impact(uuid,integer)	true	5e329015b84b82de245cc49a6ed01c69
public.get_shop_supporter_header(uuid)	true	37623e0693251e7cf2d0762c67ca49a9
public.get_shop_trust_score(uuid)	true	8f4871105534aa522129fc2c30539e37
public.get_shop_wallet(uuid)	true	b9646fb1ada9a28cb33ededdff0e9beb
public.get_supporter_interaction_statement(uuid,uuid,integer)	true	74605dcdb221fa744580b846c7c2f190
public.grant_staff_role(uuid,text,text)	true	5a159362bda6ed075ea7f1a1cb664144
public.grant_tier_upgrade_reward(uuid,text,text)	true	a2a29713624c7ade89478231580ad5d9
public.handle_new_user()	true	58cbb12abc10da23a03349df5e6317fe
public.has_staff_role(text[])	true	a7f326eabd1557cbfad709ff007ec082
public.hide_community_post(uuid,text)	true	f8c97cddb12526e1455b659b1cfb8da9
public.hold_market_escrow(uuid,uuid,integer)	true	c98962c948d0e7042708a3709b8de978
public.insert_review_request_event(uuid,uuid,text,uuid,integer)	true	1cc580c6a622897a1d1be53b63f9fe45
public.list_active_boost_placements(integer)	true	42375e9947116e6ecf08118580989109
public.list_active_premium_overlays(integer)	true	c5add0dee675977c5bab19deecd2d034
public.list_boost_candidates_scored(text,integer)	true	7e322e8e0633ab95971d28535fee3c2c
public.list_boost_gift_impact_reports_for_customer(uuid,integer)	true	841d5c6836f5585ba46eb535b29980a0
public.list_boost_gift_impact_reports(uuid,integer)	true	8f08bd6a029d62636efccc58bac34930
public.list_community_posts_safe(text,integer)	true	371072665501573a4ea74cd9dd3f1f96
public.list_discover_directors(integer,text)	true	0203cc7bf2be1b45fce01ad546bf383c
public.list_fan_boost_supporters_batch(text,uuid[],integer)	true	e0f584ebada174324c1080beb0a049fc
public.list_fan_boost_supporters(text,uuid,integer)	true	4623b96992871cd7b8a4b7fcbd3beb40
public.list_following_feed(integer)	true	97326afd00a7708642fd2eac5e8870a5
public.list_market_listings_scored(text,integer)	true	4cad7942414a47452b2a6eee1afeff67
public.list_my_boost_gifts_for_customer(uuid,integer)	true	8f86d102b40bae1a082b2f391a3d2220
public.list_my_boost_gifts(uuid,integer)	true	6e4c22614735b6f3757df8f758c3418b
public.list_my_case_bookmark_ids(integer)	true	74a3e5cd81f429f2a191575a6aa4e90d
public.list_my_region_content_bookmarks(integer)	true	f0affa4b8e902838616e99292fac87cc
public.list_my_subscriptions(integer)	true	bcbf5bb9f5d54227410a4243b70ba37b
public.list_my_whispers(text,integer)	true	e10e4c28516fa8972f9dad301f13da3e
public.list_pending_supporter_notifications(uuid,integer)	true	fce597c917787823dc0f72255a2745ce
public.list_review_request_events(uuid,integer)	true	5e4f7be9bbb5b98e13a7eafd73b0888e
public.list_shop_supporters(uuid,text,integer)	true	341ce8dc0d660fd892c49529dc8be9fb
public.list_unified_community_feed(text,integer,integer)	true	6590df4481ec15f720ee898a9cba0845
public.mark_best_community_comment(uuid,integer)	true	5808139a6f987bf7bef3743d2402daa7
public.mark_review_request_reminded(uuid)	true	3c8d0fdb393d938b4290b1e0b5990683
public.mark_whisper_read(uuid)	true	3f0e3fbefb495796f70bebb4f7fb4e72
public.merge_shop_customers(uuid,uuid[],jsonb)	true	cf9f948e6849796b4d93348b04dcb473
public.pick_boost_slot_targets(text,integer,text,integer)	true	255f13de947b192c985de8b1ee6b3677
public.post_body_needs_fan_fill(text,text,text,text)	false	09b29a620915200579b85112a1490cb5
public.preview_whisper_audience(uuid,text,text[],uuid[],uuid[],integer)	true	cc8dae7670d9b4d0060c157e688427fe
public.program_customer_coupon_counts(uuid)	true	65e38ff0cd9b6953f0ba63d47719c7b4
public.program_expire_coupons(uuid)	true	bbec688fd00886c018fbf1fc7a09803c
public.program_shop_is_director(uuid)	true	d4a3c0ea08dc60ceee5f5fb563a1107a
public.program_sweep_quotes(uuid)	true	3f3bf4eceeeb8a242f84b4076d1f2b10
public.program_sync_quote_paid()	true	029e86aa39793d2fccdbcfdf4a2b891b
public.publish_mentoring_post(uuid)	true	016129cdf819c4726a04fb080e6a8da6
public.purchase_ai_tool(uuid,uuid,text)	true	8cbf7a1d5807a88babd404577ea97506
public.purchase_fan_boost(uuid,text,text,uuid,text,text)	true	dbede959a7835238b2fa61c7273871dc
public.purchase_fan_gift(uuid,text,text,uuid,text,text)	true	d2219384506431f601e2c6618d52b448
public.purchase_mentoring_unlock(uuid,uuid)	true	b37ca967c605bd8672fddc7a5ac55740
public.purchase_point_shop_item(uuid,text,text,uuid,text)	true	5cfaf677c9d134bed129aa362645f819
public.purchase_sori_points_customer(uuid,integer,text,text)	true	8f54a5c45a983c7042b13be1de9ae487
public.purchase_sori_points(uuid,integer,text,text)	true	cf2c8be45caecd0f51973619ee6a49c1
public.purchase_special_gift(uuid,text,text,uuid,text,text)	true	7627f052b8aac169056daf19513330e5
public.purchase_special_supporter_gift(uuid,text,text,uuid,text,text)	true	af77d78559ac7701eddc6ec2a1af6679
public.queue_fan_boost_edge_fill(uuid,uuid)	true	682060f6ac3221a390ddac4b74a65f5b
public.record_affiliate_conversion(uuid,integer,text,integer,uuid,uuid,uuid,text)	true	09112650c6d3a2c212e0a20ee6daa967
public.record_chart_view(uuid,text)	true	e67835dbebf700506e64b1f130f55825
public.refresh_market_listing_trust(uuid)	true	216403bd066f336c72559e5a8f3cbf01
public.refresh_seminar_feedback_report(uuid)	true	a19c190172c5c9145f232dde429e45ba
public.refresh_shop_tier_badge(uuid)	true	22d48d5720d8f743e08c0f7e0a8e5b8c
public.refund_market_escrow(uuid)	true	11690c55fe0d608c0372ce5ea146a2a2
public.request_seminar_interest(uuid,uuid,uuid)	true	5a6daf38e14c9f4dd7a699ef806a8d1d
public.request_settlement_withdraw(uuid,integer,text,text)	true	1478186f4aceb55d8948982a403583e4
public.require_staff(text[])	true	decedb19b9811cd9cc9d299f0eabe62d
public.resolve_whisper_audience_users(uuid,uuid,text,text[],uuid[],uuid[],integer)	true	d73302869132e33d2eab732add213a8b
public.respond_mentoring_request(uuid,boolean)	true	90ca8a1555235281b5760aa46c66cb0c
public.review_grand_director_tiers()	true	62f4999874b0dc19f585555e294018ff
public.run_fan_boost_ai_fill(uuid,uuid,uuid,text,uuid)	true	72c3ef6eecb8e0b7399a49c0cdfe1c5c
public.save_chart_and_publish_case(uuid,uuid,boolean,text,text,text[],uuid)	true	7bd80394340ec1207a62141924db4d04
public.send_thank_you_whisper(uuid,text)	true	afafbfe55ee8cd751aba9e999d3de0ce
public.send_whisper_post(text,text,text[],uuid[],uuid[],uuid,integer)	true	fb1d5d069d327b829a12487d692cd3aa
public.send_whisper(text,uuid,text,text[],uuid[],uuid[],integer)	true	8cbdb4f46c41803719dac729855bbc96
public.set_review_naver_publish_status(uuid,text)	true	677881dfe69c57b8bdf3d2dbd993686e
public.set_subscription(text,uuid,uuid,boolean,text)	true	55f6bf2ceea8976d160319ec0d626eb8
public.settle_affiliate_conversion(uuid,text,uuid)	true	5b75a69b3df88f538c8fff1de8aca2dd
public.settle_seminar_enrollment(uuid,numeric)	true	7637c2b81afa839a16627405b7a595d6
public.shop_rolling_12m_funding(uuid)	true	70848df55d5a0b3da25254a0164d7fc8
public.shop_tier_rank(text)	false	60f18cce493c6b6efc59e5abb2baee99
public.sku_premium_tier(text)	false	947a0346b3a49ffe9e46b8a5b06f62b9
public.submit_mentoring_feedback(uuid,text)	true	f7666a8101266c7daac2564514a822f8
public.submit_seminar_enrollment_review(uuid,jsonb,text)	true	104b9e7364c2985acdd8a7ed7b567b9a
public.sync_affiliate_conversion_commission()	true	c202675e99cef25cee584577f0213a5a
public.sync_affiliate_paid_to_settlement()	true	8e0c404a9a663572887a72879e426647
public.sync_membership_tickets_for_customer(uuid)	true	652a7d6cbe36c8b8fd06e3a87ad0b50a
public.sync_profile_from_auth_user()	true	2866a2c0d29fe4c400b9ac805f277999
public.sync_shop_menus_from_jsonb()	true	15ca2af374ab5ae15109dbae164a0d80
public.sync_shop_owner_membership()	true	3acafc35d121a4b8129b7d2c9c69ea46
public.sync_shop_tier_metrics(uuid)	true	fd377976b2de0b41e6e0c675a84c3f38
public.sync_subscription_to_shop_followers()	true	78aef03d53135a1e6885171a76987f63
public.tier_badge_rank(text)	false	514bae56d6cbd482649664d7f2723848
public.toggle_case_bookmark(uuid,text)	true	bba35942a08db641715642c85a9aa5de
public.toggle_region_content_bookmark(text,uuid)	true	8e72235c7ec63bfbb276168684dd0c8e
public.touch_ba_capture_session()	false	9dacc6fb78a7938b39648080bb810f39
public.trg_market_listing_trust_refresh()	true	bd1682daa70b92727390f45eb6e73035
public.trg_mentoring_body_updated()	false	f4bcb2bd7f4c12413fb63aa959abe65c
public.trg_mentoring_feedback_counts()	true	9c4227c086d5c913bc8c25e4dde7764e
public.trg_mentoring_feedback_quality()	true	18234d10ad24ce624d9231d55f47b1bd
public.trg_refresh_tier_on_case_share()	true	af782d5dd256c3d09aff493f35a120df
public.trg_seminar_class_completed_funding()	true	0f92e5e1dbf6e1aa0580e8311facbaaa
public.trg_shop_tier_refresh()	true	a34a9d061c5486c970030cd4da49466b
public.unlock_community_post_with_points(uuid,uuid,integer,integer)	true	d01bf2e6a30e8d7f825666f676e5d54c
public.update_mentoring_price(uuid,integer)	true	64446224cbfe6c0641b070d92192f0bb
public.update_shop_tier_badge(uuid)	true	27ba54c7d1fa185ab93b7b10f1acde2c
public.upsert_my_profile(text,text,text)	true	487d21bb3df9422f946d2079c4a25ceb
public.upsert_proactive_mentoring(uuid,text,text,integer)	true	e05ab454950cbf383d304537baf1af49
public.upsert_seminar_class(jsonb)	true	6226e4dca56a04960f6ed6c7a8a910c6
public.verify_b2b_partner(uuid,text,text)	true	e4f1b4af29d499bfef4b6a0a4e0f523f
public.verify_shop(uuid,text,text)	true	b3976db13ad76adff19b6a75eaedd616
public.viewer_has_post_unlock(uuid)	true	934c3e6f14196a6cd52233c17dd4e095
public.viewer_owns_shop(uuid)	true	678326abe0e4e859561e612efbd57fdc
public.viewer_shop_id()	true	869bb8abd8d090c505cdfa719ec3c426
public.viewer_shop_tier_rank()	true	e7ab8da8642801319fcbd21b540e12bc
public.write_admin_audit(text,text,text,jsonb)	true	3a04353a868d24dbe776e2f2c099ac98
